text,label
"This movie was absolutely fantastic, the acting was superb and the plot kept me hooked from start to finish.",positive
"A total waste of time. The plot made no sense and the acting was wooden.",negative
"I loved every minute of it. Beautiful cinematography and a touching story.",positive
"Boring and predictable. I almost fell asleep halfway through.",negative
"One of the best films I've seen this year, highly recommend it to everyone.",positive
"Terrible dialogue and a plot full of holes. Do not waste your money.",negative
"The performances were incredible and the soundtrack elevated every scene.",positive
"I regret watching this. Poorly directed and painfully slow.",negative
"A masterpiece. The director really outdid himself with this one.",positive
"Cliché after cliché, this film brought nothing new to the genre.",negative
"Heartwarming and funny, the perfect movie for a weekend afternoon.",positive
"Disappointing sequel that fails to capture the magic of the original.",negative
"Brilliant storytelling with a twist I never saw coming.",positive
"The special effects looked cheap and the story was forgettable.",negative
"An emotional rollercoaster that left me in tears by the end.",positive
"Awful pacing and characters I couldn't care less about.",negative
"Superb acting from the entire cast, especially the lead actress.",positive
"I want my two hours back. This was painfully bad.",negative
"A charming, feel-good film with great chemistry between the leads.",positive
"The script was lazy and the jokes fell completely flat.",negative
"This is hands down one of the greatest thrillers ever made.",positive
"Poorly written and even more poorly acted. Skip this one.",negative
"A visually stunning film with a powerful message.",positive
"I couldn't follow the plot at all, it was a confusing mess.",negative
"Wonderful performances and a script full of heart.",positive
"Generic and forgettable, forgot most of it the next day.",negative
"This film exceeded all my expectations, truly a joy to watch.",positive
"The worst movie I have seen in years, avoid at all costs.",negative
"A gripping story with excellent character development throughout.",positive
"Flat acting and a script that goes nowhere.",negative
"Funny, clever, and surprisingly moving, I laughed and cried.",positive
"Nothing about this movie worked for me, complete letdown.",negative
"An instant classic with unforgettable characters and dialogue.",positive
"The plot twists felt forced and unearned by the end.",negative
"A beautifully shot film with a score that gave me chills.",positive
"Painfully long and utterly boring, I checked my phone constantly.",negative
"The chemistry between the leads made this movie a delight.",positive
"Bad writing, bad acting, bad everything. Truly disappointing.",negative
"An underrated gem that deserves way more recognition.",positive
"I expected so much more given the hype, total letdown.",negative
